First Atom id;First Atom type;First Residue;First Residue ID;First Chain;Second Atom id;Second Atom type;Second Residue;Second Residue ID;Second Chain;Distance
  206; CE ; LYS;  27;A; 1200; O  ; THR;  42;B;3.30438587335075
  205; CD ; LYS;  27;A; 1205; CA ; GLY;  43;B;3.707114915942048
  236; NE2; GLN;  31;A; 1200; O  ; THR;  42;B;3.2722999556886574
  236; NE2; GLN;  31;A; 1205; CA ; GLY;  43;B;4.873943577843305
  267; CH2; TRP;  35;A; 1207; O  ; GLY;  43;B;3.8023188977254416
  273; CG1; VAL;  36;A; 1235; CD ; GLU;  46;B;4.175897867525018
  279; CB ; ALA;  37;A; 1207; O  ; GLY;  43;B;3.310867862056715
  279; CB ; ALA;  37;A; 1218; CE3; TRP;  44;B;3.671007082531987
  281; CA ; SER;  38;A; 1221; CH2; TRP;  44;B;3.9921480433470893
  393; O  ; ILE;  55;A; 1173; NE1; TRP;  38;B;4.390904918123369
  408; CZ ; PHE;  56;A; 1149; CG ; ASP;  35;B;3.555073557607493
  411; C  ; SER;  57;A; 1150; OD1; ASP;  35;B;4.172478040685176
  414; OG ; SER;  57;A; 1480; OE1; GLU;  76;B;4.692958555112116
  415; N  ; ASN;  58;A; 1150; OD1; ASP;  35;B;3.466361925708279
  429; CD ; ARG;  59;A; 1139; O  ; LEU;  34;B;3.5641676447664454
  433; NH2; ARG;  59;A; 1172; CD2; TRP;  38;B;3.211384280960471
  432; NH1; ARG;  59;A; 1450; CG2; VAL;  73;B;4.536811655777657
  442; OE2; GLU;  60;A; 1132; CB ; ASN;  33;B;3.407925468668588
  434; N  ; GLU;  60;A; 1151; OD2; ASP;  35;B;3.232648913816656
  455; NZ ; LYS;  62;A; 1132; CB ; ASN;  33;B;4.1477772360627085
  610; CD1; PHE;  82;A; 1220; CZ3; TRP;  44;B;4.131997821877451
  618; O  ; ARG;  83;A; 1100; CE2; TYR;  29;B;3.4124589374818863
  624; NH1; ARG;  83;A; 1207; O  ; GLY;  43;B;3.9326249503353363
  629; O  ; ASN;  84;A; 1101; CZ ; TYR;  29;B;3.5890915285068994
  638; CB ; SER;  85;A; 1097; CD1; TYR;  29;B;3.9237513937557242
  658; NH2; ARG;  87;A; 1102; OH ; TYR;  29;B;4.356967867680459
  771; O  ; ASP; 101;A; 1094; O  ; TYR;  29;B;4.591606363790347
  771; O  ; ASP; 101;A; 1116; CA ; GLY;  31;B;4.134654882816703
  780; CB ; HIS; 102;A; 1094; O  ; TYR;  29;B;3.428101807123003
  782; ND1; HIS; 102;A; 1104; CA ; TYR;  30;B;3.646176216257246
  779; O  ; HIS; 102;A; 1135; ND2; ASN;  33;B;3.416080063464555
  782; ND1; HIS; 102;A; 1156; CB ; ALA;  36;B;3.477089731370186
  785; NE2; HIS; 102;A; 1183; CB ; ALA;  39;B;4.13716738844345
  789; O  ; TYR; 103;A; 1135; ND2; ASN;  33;B;3.378675036164322
  790; CB ; TYR; 103;A; 1148; CB ; ASP;  35;B;3.852820784827656
  792; CD1; TYR; 103;A; 1153; CA ; ALA;  36;B;3.790852806427598
  794; CE1; TYR; 103;A; 1183; CB ; ALA;  39;B;3.5986423828994174
  806; NE2; GLN; 104;A; 1094; O  ; TYR;  29;B;4.7465197776897545
  806; NE2; GLN; 104;A; 1106; O  ; TYR;  30;B;4.6965064675777874
  803; CG ; GLN; 104;A; 1118; O  ; GLY;  31;B;3.2509023362752694
  798; N  ; GLN; 104;A; 1135; ND2; ASN;  33;B;3.7198754011391286
